{
  "accuracy": 0.9925538252063654,
  "precision": 0.992672965537604,
  "recall": 0.9925538252063654,
  "f1_score": 0.9925682009052508,
  "precision_macro": 0.9921089379737147,
  "recall_macro": 0.9917737282961437,
  "f1_macro": 0.9918914303527837,
  "auc": 0.9999145462038411,
  "confusion_matrix": [
    [
      7416,
      0,
      0,
      0,
      6,
      0,
      0
    ],
    [
      0,
      6082,
      0,
      0,
      20,
      0,
      0
    ],
    [
      0,
      0,
      5826,
      0,
      6,
      0,
      0
    ],
    [
      8,
      0,
      2,
      5830,
      174,
      0,
      0
    ],
    [
      43,
      3,
      8,
      25,
      5932,
      10,
      0
    ],
    [
      11,
      0,
      0,
      0,
      34,
      6300,
      0
    ],
    [
      0,
      0,
      0,
      0,
      0,
      0,
      9268
    ]
  ]
}