{
  "accuracy": 0.9985960898502496,
  "precision": 0.9985977399506814,
  "recall": 0.9985960898502496,
  "f1_score": 0.9985961337185484,
  "precision_macro": 0.9985639614241966,
  "recall_macro": 0.9986262803321131,
  "f1_macro": 0.9985943376987871,
  "auc": 0.0,
  "confusion_matrix": [
    [
      9263,
      5
    ],
    [
      22,
      9942
    ]
  ]
}